actual,lstm_pred,xgb_pred,lgb_pred,ensemble_xgb,ensemble_lgb
645443.0,215854.2125102247,686061.2,894513.0086358348,403936.9962561348,487317.73096046876
1090403.0,677609.9526747741,1064697.8,1234510.7014856695,832445.0653548645,900370.2521991322
1880359.0,2204769.3009656863,1913551.1,1898942.0075938096,2088282.0180794117,2082438.3836169355
2655311.0,2576310.082152931,2502646.2,2261613.829252876,2546844.549291759,2450431.580992909
3652413.0,3431740.504481988,3785578.2,3481684.952235636,3573275.677689193,3451718.2835834473
3926003.0,4871383.519049209,3926750.0,4006603.2187976246,4493530.111429526,4525471.398948574
4000000.0,3599906.4809880764,4041592.5,4209732.120105195,3776580.8885928458,3843836.736634924
4000000.0,4932800.2056512125,4037362.8,4210617.9717781525,4574625.248390727,4643927.312101988
4000000.0,3563314.917587558,4039407.8,4210837.752361054,3753752.075552535,3822324.0514969565
4000000.0,4971873.302428564,4021423.0,4209998.307894197,4591693.231457138,4667123.304614818
4000000.0,4831415.585732965,4026381.0,4210627.405515942,4509401.726439779,4583100.313646155
4000000.0,3437524.8444250375,4028313.0,4209803.219770615,3673840.1566550224,3746436.1945632687
4000000.0,4945738.979597064,4036708.2,4296309.123214932,4582126.762758238,4685967.037044211
4000000.0,3491448.3079335093,4044438.0,3750417.604550314,3712644.2347601056,3595036.0265802313
4000000.0,3469264.42966829,4021990.8,4308915.501382673,3690355.032800974,3805124.858354043
4000000.0,4922151.598974234,4023180.0,4210284.516594944,4562562.95938454,4637404.766022518
4000000.0,3502348.4808202162,4044361.0,4210745.247246558,3719153.4634921295,3785707.1873907526
4000000.0,4900568.739334724,4025049.0,4228625.407947011,4550360.868600834,4631791.4067796385
4000000.0,4888653.23711629,4010745.0,4232238.734448623,4537489.942269774,4626087.436049223
4000000.0,3405283.51755675,4030484.2,3779250.5292508192,3655363.86053405,3554870.3222343777
4000000.0,4895827.325914737,4029381.2,3794777.711103708,4549248.895548842,4455407.479990325
4000000.0,3577202.9782467773,4023889.8,4210301.042106673,3755877.661948066,3830442.2037907355
4000000.0,4997682.398220245,4023701.8,4228557.653962552,4608090.188932147,4690032.500517167
4000000.0,3532750.6725040907,4028224.8,4210328.533663221,3730940.2785024545,3803781.816967743
4000000.0,4777720.014331671,4006841.5,4230071.4729110515,4469368.633599003,4558660.597763424
4000000.0,3424305.0298523214,4042221.0,3791565.3512276085,3671471.3929113927,3571209.1584024364
4000000.0,4943895.561042823,4039900.8,4280065.835770889,4582297.711625693,4678363.670934049
4000000.0,3533617.293113302,4025202.5,4230111.940966284,3730251.375867981,3812215.152254495
4000000.0,5000205.891568581,4043782.5,4210992.0390638,4617636.534941148,4684520.350566668
4000000.0,3484131.041189236,4028616.5,3790092.418521986,3701925.2497135415,3606515.592122336
4000000.0,4917304.93857589,4042005.0,4210049.485151677,4567184.963145534,4634402.757206205
4000000.0,3452508.5147313364,4023889.8,4209600.493785482,3681060.9838388017,3755345.3063529944
4000000.0,3596407.0163970254,4028462.8,4228128.527171954,3769229.3348382153,3849095.620706997
4000000.0,4948719.393845429,4023218.2,4230130.149423875,4578519.011307257,4661283.696076808
4000000.0,5039458.761043569,4008783.2,4270121.560021321,4627188.631626141,4731723.88063467
4000000.0,3586183.274436738,4040216.8,3750909.4916200913,3767796.7146620424,3652073.761310079
4000000.0,3475606.189046285,4029950.0,3750594.5786125595,3697343.713427771,3585601.5448727948
4000000.0,4717538.96351325,4022159.5,4232465.433366287,4439387.25310795,4523509.551454465
4000000.0,3547034.1964175627,4029469.5,4228940.436213494,3740008.3928505373,3819796.6923359353
4000000.0,5024968.543832021,4023786.2,4284460.619585197,4624495.626299212,4728765.374133291
4000000.0,4901091.185067087,4027867.5,4211146.694391807,4551801.711040253,4625113.388796975
4000000.0,3417463.137416643,4021131.5,4210677.414230073,3658930.5074499855,3734748.848142015
4000000.0,5107766.294499319,4071862.0,3756883.9856876926,4693404.651699591,4567413.370974668
4000000.0,3671073.8599414052,4046911.2,4211280.393475134,3821408.815964843,3887156.4733548965
4000000.0,4144235.4581096135,4042093.8,4221673.693974942,4103378.774865768,4175210.752455745
4000000.0,5465455.813018801,4028512.8,4239458.900311833,4890678.61281128,4975057.047936014
4000000.0,4853137.639738613,4051893.0,3781016.7272057217,4532639.833843168,4424289.274725456
4000000.0,3431920.967092584,4024028.0,4211144.872531703,3668763.8302555503,3743610.5292682312
4000000.0,4947547.901959904,4027567.8,4228613.759553675,4579555.866175942,4659974.244997412
4000000.0,3598772.039377019,4050405.5,4228390.588712731,3779425.4736262113,3850619.459111304
4000000.0,4938810.093172722,4029596.2,4275037.193601809,4575124.555903632,4673300.933344357
4000000.0,3585221.930240294,4031503.0,4229140.974983376,3763734.4081441765,3842789.548137527
4000000.0,3443498.01611433,4043670.5,4210757.2426049,3683567.0596685978,3750401.706710558
4000000.0,4975812.22504173,4043524.0,4210841.391836833,4602896.960025039,4669823.891759772
4000000.0,3324214.2307709297,4033006.5,4210585.702259924,3607731.163462558,3678762.8193665277
4000000.0,4818745.548090888,4031149.2,4229744.384959791,4503707.078854533,4583145.08283845
4000000.0,3475998.0682219784,4049038.2,4229035.482322212,3705214.215933187,3777213.033862072
4000000.0,4952212.072574747,4034333.5,4256922.098097894,4585060.618544849,4674096.082784006
4000000.0,4817123.0205898695,4067825.2,4359588.885262291,4517403.937353922,4634109.366458838
4000000.0,3349356.7496269755,4026550.0,3990211.809002981,3620234.0497761853,3605698.7733773775
4000000.0,3546039.5768544143,4023943.5,4210331.936113479,3737201.1211126484,3811756.5205580397
4000000.0,5007139.186739871,4038175.2,4210857.836593398,4619553.637043923,4688626.646681282
4000000.0,3346108.265198594,4020614.0,4210285.444618994,3615910.584119156,3691779.1369667538
4000000.0,4950579.165630121,4052016.8,3761521.36325483,4591154.249378072,4474956.044680005
4000000.0,3590207.74838945,4043073.0,4210381.806172607,3771353.89903367,3838277.3715027124
4000000.0,4999365.09982723,4033991.2,4239147.038808214,4613215.559896338,4695277.875419623
4000000.0,5323904.361394745,4039662.0,4210248.564656318,4810207.491836848,4878442.042699374
4000000.0,3918457.0544459485,4057875.2,4211103.836699073,3974224.357667569,4035515.7673471984
4000000.0,3454210.2946710973,4039750.5,3859412.2427396984,3688426.4268026585,3616291.073898538
4000000.0,4839239.01560648,4022359.0,4208408.486316823,4512487.034363888,4586906.803890618
4000000.0,3490505.999305183,4027110.8,4209892.279317482,3705147.97458311,3778260.511310103
4000000.0,4955054.752950331,4026058.5,4210559.800462779,4583456.226770198,4657256.771955309
4000000.0,3508421.0101671126,4042263.2,4210835.425706866,3721957.9811002673,3789386.776383014
4000000.0,5007453.412494101,4019843.2,4234285.850832367,4612409.42249646,4698186.387829407
4000000.0,4857034.777855733,4026020.2,3961406.544440397,4524628.99171344,4498783.484489599
4000000.0,3559969.8064013626,4040428.8,4210575.263671105,3752153.3838408175,3820211.9893092597
4000000.0,3531588.7586080916,4061925.2,3761362.757373291,3743723.3801648547,3623498.3581141713
4000000.0,5012348.858096106,4025755.2,4211175.7231823625,4617711.439857664,4691879.604130609
4000000.0,3498439.3628140455,4046641.0,4210777.786336501,3717719.992688427,3783374.732223028
4000000.0,4933427.72354436,4039854.8,4208856.204869564,4575998.509126617,4643599.116074442
4000000.0,4903819.801726245,4028351.5,4210743.976073133,4553632.506035747,4626589.471465
4000000.0,3530637.8002487677,4029588.8,3764615.1963206637,3730218.1801492604,3624228.758677526
4000000.0,4793440.464474395,4042151.5,4211192.200015281,4492924.903684637,4560541.15869075
4000000.0,3389183.440863852,4041881.8,4210682.182886331,3650262.814518311,3717782.9376728437
4000000.0,3611214.6004858194,4057194.2,4210649.04552852,3789606.5102914916,3850988.3785029
4000000.0,5027178.229191695,4022547.0,4230155.253230631,4625325.812515017,4708369.038807269
4000000.0,3619033.7016514274,4009693.2,4210999.63899263,3775297.595990856,3855820.076587908
4000000.0,5113172.723139124,4028194.0,4229434.12657377,4679181.258883474,4759677.284512983
4000000.0,4055665.6681865724,4042857.0,4210827.144215561,4050542.2759119435,4117730.2585981684
4000000.0,5412098.311866881,4033999.0,3960897.5935045546,4860858.612120129,4831618.024521951
4000000.0,3582300.0424853237,4020065.8,3971329.21068844,3757406.4004911943,3737911.7097665705
4000000.0,4961045.935857884,3998821.2,4230566.433141942,4576156.06151473,4668854.134771507
4000000.0,3582229.5787505284,4024143.0,4227584.963406471,3758994.997250317,3840371.7326129056
4000000.0,4939380.063191084,4056370.2,3802062.3614267153,4586176.1629146505,4484452.982485337
4000000.0,3601902.895433365,4059113.8,4209158.366574037,3784787.237260019,3844805.083889634
4000000.0,5011123.744027622,4017471.0,4326882.918658067,4613662.6214165725,4737427.4138798
4000000.0,3653637.9759748215,4025809.0,4210275.537202223,3802506.4105848926,3876293.000465782
4000000.0,4896153.810791576,4043462.2,3770097.230260586,4555077.161474945,4445731.17857918
4000000.0,3405930.9078829503,4054769.0,4210179.071735384,3665466.16972977,3727630.1734239236
4000000.0,4819679.458316889,4023982.0,4251907.818313296,4501400.549990132,4592570.802315451
4000000.0,3394269.632800149,4021369.5,4210383.377724279,3645109.654680089,3720715.1307698004
4000000.0,4862769.63569315,4008347.5,4230709.877176705,4521000.781415889,4609945.7322865715
4000000.0,3650845.5569673195,4024534.5,4210467.107257509,3800321.2091803914,3874694.177083395
4000000.0,5055100.405412992,4024216.0,4228432.690097006,4642746.618247796,4724433.319286598
4000000.0,3517901.639998172,4078297.5,3640785.4975691563,3742059.983998903,3567055.1830265657
4000000.0,4920068.737706792,4044013.8,3789450.27145303,4569646.742624074,4467821.351205287
4000000.0,4954970.8989186175,4055565.5,4209904.832290795,4595208.789351171,4656944.472267488
4000000.0,3484338.2871091226,4044534.5,4210772.984506048,3708416.8472654736,3774912.1660678927
4000000.0,4927440.490008591,4055782.2,4210649.287221999,4578777.169005154,4640724.008893954
4000000.0,3646890.4155844906,4031791.2,4211079.1190005075,3800850.7493506945,3872565.8969508978
4000000.0,3373870.4613700258,4055550.2,3869776.3130620667,3646542.4018220156,3572232.802046842
4000000.0,4882583.744851107,4031218.5,4210429.798459307,4542037.621910663,4613722.166294387
4000000.0,4904684.374146308,4000862.0,4235719.110414274,4543155.499487785,4637098.268653494
4000000.0,3486413.85264045,4021879.5,4331854.791828966,3700600.1865842696,3824590.2283158563
4000000.0,3518699.4114344856,4020614.0,4208496.893196903,3719465.2718606913,3794618.4041394526
4000000.0,4984062.013832906,4021239.0,4210373.378715948,4598932.833299743,4674586.559786122
4000000.0,3517327.3715324756,4043697.5,4221076.976618471,3727875.4229194853,3798827.2135668737
4000000.0,4967251.34530877,4049301.0,4221944.651935935,4600071.182185262,4669128.667959636
4000000.0,4813299.1475501945,4028585.8,3792502.010210182,4499413.863530116,4404980.29261419
4000000.0,3373559.121697935,4030934.0,4230102.606564557,3636509.098018761,3716176.515644584
4000000.0,4784279.2868182305,4043851.8,4248408.736315092,4488108.322090939,4569931.066616975
4000000.0,3398188.360251858,4052294.8,4210914.534580059,3659830.8911511144,3723278.8299831385
4000000.0,5030256.660922468,4028439.8,4238426.37517724,4629529.871553481,4713524.546624376
4000000.0,3478807.4005171834,4049571.2,4211026.997304465,3707112.9403103096,3771695.239232096
4000000.0,5000920.542595595,4024761.0,4209510.295033864,4610456.700557357,4684356.443570903
4000000.0,3537036.3608020553,4029404.2,4307037.524622785,3733983.566481233,3845036.826330347
4000000.0,4925914.286859415,4020736.8,4210797.672473974,4563843.322115649,4639867.641105238
4000000.0,3583313.916394255,4027118.5,3794548.510485678,3760835.724836553,3667807.754030824
4000000.0,5025915.886007423,4039091.8,3856084.208012307,4631186.281604454,4557983.214809377
4000000.0,3486165.898875598,4026331.2,4209966.291027815,3702232.0393253583,3775686.055736485
4000000.0,4952075.530009216,4042174.5,4211083.186216849,4588115.193005529,4655678.592492269
4000000.0,3555659.366800705,4044796.8,4210772.984506048,3751314.370080423,3817704.8138828427
4281825.0,3477492.0480717504,4289610.0,4334578.514696488,3802339.22884305,3820326.634721645
4502075.0,5002305.256901519,4396078.5,4566037.265132437,4759814.529140912,4827798.060193887
4800000.0,4988097.961713396,4800879.0,4605876.182111909,4913210.402028037,4835209.249872802
4800000.0,3560893.5423461813,4826324.5,4622808.091515202,4067066.000407709,3985659.36201379
4800000.0,4964138.950366106,4795200.5,4674111.622593472,4896563.620219663,4848128.019257052
4800000.0,3625425.3119712947,4770583.0,4690151.70928229,4083488.4371827766,4051315.870895693
4800000.0,4964489.084370195,4857674.0,4635264.100533457,4921763.075622117,4832799.0908355
4800000.0,3597820.6874272362,4794510.0,4626794.013529452,4076496.4124563416,4009410.017868122
4800000.0,4928994.969534066,4792699.5,4668246.187219521,4874476.856720439,4824695.456608248
4800000.0,3536159.0100928396,4858188.0,4618558.57180718,4064970.6560557038,3969118.8347785757
4800000.0,4991889.807903096,4805798.5,4621462.652401323,4917453.259741858,4843718.945702387
4800000.0,3516779.102744676,4798283.5,4675055.11976403,4029380.8366468055,3980089.5095524173
4800000.0,3611127.7666521817,4818874.0,4642440.649328372,4094226.284991309,4023652.919722658
4800000.0,5140426.300627641,4814611.0,4617922.188416023,5010100.155376585,4931424.655742994
4800000.0,3620301.27737848,4807229.0,4615500.168354909,4095072.391427088,4018380.833769052
4800000.0,5015057.564054003,4799373.0,4637832.7874369435,4928783.788432402,4864167.653407179
4800000.0,4882075.470286276,4796000.5,4667687.3189454,4847645.532171765,4796320.209749926
4800000.0,3516462.8800224583,4821204.5,4665318.821039319,4038359.603013475,3976005.256429203
4800000.0,4931395.554284097,4825616.0,4617369.671602289,4889083.707570458,4805785.201211373
4800000.0,3601211.9367826018,4873799.0,4631774.158609641,4110246.787069561,4013436.8255134174
4800000.0,4925842.039118502,4836475.0,4633706.57431076,4890095.223471101,4808987.853195406
5038630.0,3511756.1079513635,5016191.0,5138000.212527088,4113530.039770818,4162253.7497816533
5228669.0,5039830.448788155,5079799.5,5109723.330443894,5055818.144272893,5067787.601450451
5408884.0,3501620.4816639274,5396852.0,5095557.138199637,4259713.038998356,4139195.1442782115
5600000.0,4963680.32472142,5320742.0,5474560.299873956,5106504.944832852,5168032.314782435
5600000.0,3557159.352575541,5352821.0,5307842.364843979,4275424.111545324,4257432.557482916
5798495.0,2730032.351305559,5826107.5,5754948.407929283,3968462.4107833356,3939998.773955048
6400000.0,2784202.05539024,6092580.5,5980824.149126812,4107553.483234144,4062850.892884869
6400000.0,6685524.265064032,6103374.0,5963282.388830345,6452664.309038419,6396627.514570557
6548649.0,4920499.925491575,6529911.5,6606025.244215185,5564264.705294944,5594710.052981019
6982490.0,4920031.061832062,6992983.0,6773916.68950428,5749211.887099237,5661585.312900949
7200000.0,6613799.366988868,6792112.5,7039098.051112544,6685124.620193321,6783918.840638339
7200000.0,6747588.370781522,6790713.5,6933664.790521821,6764838.522468913,6822018.9386776425
8000000.0,5061670.409664468,8155713.5,8257957.268674766,6299287.745798681,6340185.153268587
8529304.0,6482784.55233367,8476646.0,8224744.027300936,7280329.231400201,7179568.342320576
8800000.0,4839178.392140726,8604306.0,8855975.531960938,6345229.535284435,6445897.248068811
8889143.0,4753362.542059888,8443381.0,8394855.043448295,6229370.025235932,6209959.542615252
8988585.0,6442359.4762982065,8929622.0,8895852.306362549,7437264.435778923,7423756.608323943
9016341.0,6801182.3593120705,8941893.0,9127596.77511351,7657466.665587243,7731748.1256326465
9276840.0,5052838.087463818,9229066.0,9251245.268449144,6723329.35247829,6732200.959857948
9301667.0,6614422.184680705,9284222.0,9429124.319652444,7682342.060808423,7740303.038669401
9693462.0,4878917.951354865,9621599.0,9671723.363843553,6775990.520812919,6796040.11635034
9819792.0,7874041.875306843,9824177.0,10064555.92384964,8654095.875184106,8750247.494723963
10274788.0,6177504.4135970175,10306161.0,10435716.9351246,7828967.14815821,7880789.42220805
10582008.0,6810409.672284926,10624880.0,10626587.740164453,8336197.803370955,8336880.8994367365
10939966.0,5059593.396620285,10930081.0,11072214.925745338,7407788.537972171,7464642.0082703065
11672292.0,4962233.690464179,11636964.0,11653024.77524151,7632125.714278508,7638550.1243751105
11893993.0,6602196.887304535,11919313.0,11839864.297655307,8729043.63238272,8697263.851444844
12203424.0,3658779.2103866516,12232847.0,12320622.449895065,7088406.526231991,7123516.506190017
12786680.0,5023808.821662203,12731703.0,12671087.676291047,8106966.792997322,8082720.363513741
12843603.0,5100384.34100402,12847575.0,12861937.095053434,8199260.604602411,8205005.442623787
13100913.0,6827393.566378461,13120801.0,12980554.933855921,9344756.639827076,9288658.113369446
13540963.0,5370784.434117586,13562783.0,13613575.458831806,8647584.160470553,8667900.844003275
13756777.0,7106679.49711549,13770560.0,13851777.080276446,9772231.698269293,9804718.530379873
13891628.0,4713320.733023163,13866260.0,13847552.19270807,8374496.439813897,8367013.316897126
14331176.0,6448718.521328051,14288015.0,14259458.26513114,9584437.11279683,9573014.418849286
14377144.0,3011190.6093907007,14407248.0,14452116.373167424,7569613.865634421,7587560.914901391
14997963.0,3235707.5084748114,15016298.0,15199002.698935991,7947944.005084887,8021025.584659284
15568615.0,4039733.032332385,15585914.0,15498506.37547724,8658205.319399431,8623242.369590327
16156130.0,3716071.6085877577,16161780.0,16115284.171613414,8694354.965152655,8675756.63379802
16215765.0,8399837.412846107,16224911.0,16246927.969589124,11529866.947707664,11538673.635543313
16857097.0,6353549.454679867,16837196.0,16774494.574386084,10547008.17280792,10521927.502562355
16965602.0,5573863.051790388,17010632.0,17080024.71260073,10148570.831074232,10176327.716114525
17252788.0,7893251.700961602,17268428.0,17257003.10087142,11643322.520576961,11638752.260925531
17504401.0,6937912.207936171,17477084.0,17382788.148412924,11153580.824761704,11115862.584126873
17597756.0,9403565.198330514,17699836.0,17422443.58180849,12722073.618998308,12611116.551721703
18000504.0,7041862.067013529,17902088.0,18044662.584002443,11385952.740208117,11442982.273809094
18843127.0,9498766.883607458,18868600.0,18853712.983955372,13246700.130164474,13240745.323746625
19470199.0,4550986.713365858,19386296.0,19442124.918640677,10485110.528019514,10507441.995475786
19714802.0,4407285.149659128,19631508.0,19693110.460024644,10496974.589795478,10521615.273805335
19844087.0,11332260.185831062,19805944.0,19809573.83655758,14721733.611498637,14723185.64612167
20036053.0,8150664.764102191,20091460.0,20060881.770119675,12926982.858461313,12914751.566509183
20191005.0,9005938.12566879,20214812.0,20213966.21952757,13489487.875401273,13489149.363212302
20826202.0,12742159.133311493,20856416.0,20802457.39913907,15987861.979986895,15966278.439642522
21027881.0,8866856.927568916,20994992.0,21044121.627872482,13718111.15654135,13737762.807690343
21157750.0,8659610.176862754,21129896.0,21183575.78147004,13647725.10611765,13669196.418705668
21162434.0,8620697.433244523,21178556.0,21134525.73547358,13643841.459946714,13626228.754136145
21311795.0,8465179.484674271,21350076.0,21439382.479150914,13619138.690804563,13654860.682464927
22091443.0,10560584.682610368,21989224.0,21801059.168879386,15132040.809566222,15056774.477117974
23038645.0,10393823.125247616,23069576.0,23044151.619023092,15464124.875148568,15453954.522757806
23184023.0,11866941.456658851,23142512.0,23267085.593128033,16377169.873995312,16426999.111246523
23839366.0,12135601.545618454,23938832.0,23922912.848890062,16856893.927371074,16850526.066927098
24322691.0,11022301.214627491,24331124.0,24426170.468783204,16345830.728776496,16383848.916289777
25333299.0,10983067.460241932,25233860.0,25401106.43029434,16683384.47614516,16750283.048262896
25507180.0,12720971.18409048,25586836.0,25495566.979212444,17867317.71045429,17830809.502139267
25781114.0,12350142.74746848,25801784.0,25601213.690585237,17730799.64848109,17650571.124715183
26003461.0,12334344.961906679,25977776.0,26010547.97850672,17791717.977144007,17804826.168546695
26315451.0,12157952.442803629,26357540.0,26390296.598845568,17837787.46568218,17850890.105220407
26537747.0,14359883.916943543,26448640.0,26443586.68529588,19195386.350166127,19193365.02428448
26769561.0,14035464.544334209,26653132.0,26687588.915354256,19082531.726600524,19096314.292742226
26826901.0,13166264.925638855,26869044.0,26871739.292266376,18647376.955383312,18648454.672289863
27066114.0,12764394.406534247,27082828.0,27092686.902258664,18491767.64392055,18495711.404824015
27610199.0,13065584.86331882,27428320.0,27550967.065569386,18810678.91799129,18859737.744219046
28275142.0,13359451.89217782,28264840.0,28296974.168420855,19321607.135306694,19334460.802675035
28828007.0,15422135.766980272,28726436.0,28766540.149824124,20743856.460188165,20759897.52011781
29444794.0,15034935.240941864,29481516.0,29558112.46794895,20813568.14456512,20844206.131744698
29511465.0,16313268.678858679,29510996.0,29459420.734803002,21592360.207315207,21571729.50123641
30046631.0,16087246.362090722,30091844.0,30275969.095010992,21689085.81725443,21762735.45525883
30271925.0,15889851.172257908,30512712.0,30421901.710490998,21738995.703354746,21702671.387551144
31327815.0,16187751.440704152,31531588.0,31457761.12987873,22325285.864422493,22295755.31637398
31979145.0,19689584.69853597,31922812.0,32067723.472348206,24582875.819121584,24640840.208060868
32445560.0,19818512.25839307,32582436.0,32305949.73665996,24924082.35503584,24813487.249699827
32866174.0,19387463.25410131,32812940.0,32843242.206522938,24757653.95246079,24769774.83506996
33860981.0,19698350.87875615,33899310.0,33979575.41248707,25378735.527253687,25410840.692248516
34359040.0,21507181.317736417,34446880.0,34488604.82609728,26683060.79064185,26699750.721080765
34653418.0,20951521.796365798,34398164.0,34706281.8125517,26330179.077819478,26453425.80284016
35372712.0,21653104.408557527,35343490.0,35222362.1373817,27129257.645134516,27080807.500087198
36041310.0,21423285.39480734,36137084.0,36088357.42150877,27308805.2368844,27289314.205487907
36304653.0,22682519.113872275,36274228.0,36187372.82137351,28119202.468323365,28084460.59687277
36618215.0,22203030.937510926,36654250.0,36655980.7011482,27983517.562506557,27984210.842965834
36806910.0,23040906.233515274,36787180.0,36843424.15531927,28539415.740109164,28561913.402236875
37056674.0,22735803.527038112,37029490.0,37103759.39459928,28453277.116222866,28482985.874062583
37094219.0,24938524.0437525,37229620.0,37091092.810715176,29854962.4262515,29799551.55053757
38395102.0,25222857.462384015,38325064.0,38282563.34093119,30463740.47743041,30446739.813802887
38924451.0,26122651.919298235,39005372.0,38989757.829056084,31275740.15157894,31269494.283201374
39466995.0,26376783.154980883,39699420.0,39932091.73989803,31705837.89298853,31798906.588947743
40945591.0,27135377.470453717,40491304.0,40663932.2709855,32477748.48227223,32546799.390666433
41287079.0,27939638.425751437,41285040.0,41152955.53133109,33277799.05545086,33224965.2679833
41454373.0,28059854.790821508,41645050.0,41534317.585655205,33493931.874492902,33449639.908754986
42005718.0,28140585.617050055,41711344.0,42083037.613594316,33568889.370230034,33717566.41566776
42324117.0,28042906.462954383,42392212.0,42347987.706388764,33782629.87777263,33764938.96032813
42920018.0,28049045.435241327,42938084.0,42925927.52930163,34004661.261144795,33999798.272865444
42971778.0,29061111.05930729,43011856.0,43122467.66651391,34641408.63558437,34685653.70218994
43356337.0,28881168.013942875,43343828.0,43200728.74761394,34666232.808365725,34608992.3074113
43616527.0,34590029.296425015,43643800.0,43615213.73890723,38211537.577855006,38200103.0734179
43972547.0,34706675.797017545,43937470.0,44046108.13166419,38398995.47821052,38442448.73087621
44582636.0,36866667.51809324,44586930.0,44687848.34716583,39954772.51085594,39995139.84972228
44776860.0,36678876.90899217,44808160.0,44774776.34080636,39930590.1453953,39917236.68171784
44989556.0,39691303.525415294,45038570.0,44960895.99381855,41830210.11524917,41799140.5127766
45386915.0,39911755.25822841,45256428.0,45376427.59465881,42049625.154937044,42097624.19280057
45618953.0,40491234.69186862,45505452.0,45610816.01528111,42496922.815121174,42539067.221233614
46155156.0,40520595.969420224,46057052.0,46225061.54758532,42735179.581652135,42802382.20068626
46208112.0,41135345.1323619,46294940.0,46445872.2020649,43199183.07941714,43259555.9602431
46332691.0,40835576.19896793,46352812.0,46517226.959956214,43042471.71938076,43108236.503363244
46812393.0,42519569.72312267,46847796.0,46701582.85181646,44250859.8338736,44192374.97460019
46981778.0,42338738.23171295,47119330.0,46883739.29359464,44250974.93902777,44156738.656465635
47268108.0,41975480.38620919,47164736.0,47238622.887055494,44051182.231725514,44080737.386547714
48118697.0,41557786.87675023,48077456.0,48216581.20749949,44165654.12605014,44221304.60904993
48869474.0,44372858.24416728,49005228.0,48732748.38698924,46225806.94650037,46116814.30129607
49295641.0,44828177.52623202,49117240.0,49240205.3188581,46543802.51573921,46592988.64328245
49888505.0,45546719.1040955,49899950.0,49550103.28509966,47288013.4624573,47148072.77649717
50025595.0,45181285.185717,50045308.0,50468275.50230294,47126895.1114302,47296081.312351376
50399281.0,45454563.021143205,50408388.0,50492490.262907274,47436093.81268592,47469733.91784883
50550358.0,45619792.72874099,50602590.0,50470517.000896275,47612913.6372446,47560082.4376031
50931008.0,46322242.125257865,50951056.0,50943808.5736814,48173767.27515472,48170868.704627275
51467375.0,46730994.88092838,51454300.0,51435245.57799093,48620316.92855702,48612695.1597534
51772852.0,46019202.93112315,51803588.0,51626394.05661703,48332957.75867389,48262079.3813207
51985239.0,46315403.56286663,51925364.0,52086433.89303509,48559388.137719974,48623815.69493401
52241895.0,48429160.581887394,52421230.0,52403400.758469336,50025990.34913243,50018856.65252017
53429762.0,48040222.574726164,53602780.0,53494391.72409062,50265245.5448357,50221890.23447195
53910182.0,49002608.30010474,53880876.0,54237171.926974185,50953914.98006284,51096433.75085252
54085662.0,48516416.83293939,54077730.0,54055185.734314404,50740942.09976363,50731924.39348939
55052944.0,48923016.92159462,55201776.0,54970025.27378111,51434520.15295677,51341820.26246922
55379121.0,49174599.81992987,55286388.0,55309673.62385608,51619315.891957924,51628629.34150036
55984846.0,48771182.06835659,56057388.0,56120039.1871413,51685665.24101395,51710724.91587047
56577257.0,49261269.02868892,56557108.0,56710245.44096415,52179605.41721335,52240859.593599014
56891408.0,49119734.83443509,56945704.0,56885266.39786291,52250122.90066105,52225947.45980622
57023892.0,49198287.629643634,57038536.0,56956673.967982695,52334386.57778618,52301642.164979264
57256779.0,50935728.65174797,57273790.0,57688136.11722532,53470955.191048786,53636691.63793892
57488368.0,51039346.41228591,57516932.0,57393077.42832385,53630381.84737155,53580838.81870109
57864800.0,53088934.79119387,57932230.0,57709132.6819638,55026254.87471633,54937013.947501846
58046024.0,53476442.46502419,57938864.0,58056385.337310106,55261411.479014516,55308419.613938555
58419531.0,55067002.254242346,58389270.0,58778338.09209404,56395911.35254541,56551536.58938302
59165894.0,54723806.83607083,59096820.0,58581380.87047097,56473012.1016425,56266836.44983089
59852762.0,56317152.84186352,59418600.0,59008114.33611734,57557731.70511811,57393537.43956505
60249479.0,56013774.04451834,60457424.0,60522100.93865237,57791234.426711,57817104.802171946
60900909.0,57804170.98986542,61015450.0,61486089.393306024,59088682.593919255,59276938.35124166
61022670.0,57631645.42496044,61080540.0,60812610.52274146,59011203.254976265,58904031.46407285
61130134.0,57268709.56824672,61118180.0,61110422.38403043,58808497.74094803,58805394.6945602
61487035.0,56901473.87484941,61517460.0,61126912.431343175,58747868.32490964,58591649.297446914
61854881.0,58089867.47207888,61695716.0,61878535.30471995,59532206.483247325,59605334.60513531
62639331.0,57780950.87854347,62701120.0,62574944.79898352,59749018.52712608,59698548.44671949
63019080.0,57908267.797025084,63022930.0,63026292.999392495,59954132.67821505,59955477.87797205
63415122.0,58565055.84249596,63294580.0,63551983.15801265,60456865.505497575,60559826.76870264
64022468.0,60179666.02945623,64299784.0,64188964.340764806,61827713.61767373,61783385.353979655
64966645.0,60702361.45653355,64777030.0,64898670.753799535,62332230.87392013,62380885.17543994
65128252.0,61577943.67017044,65181936.0,64984895.90804353,63019540.202102266,62940724.56531968
65614481.0,61760639.752329946,65726880.0,65541427.631999634,63347135.85139797,63272954.90419783
66162399.0,65264940.840929285,65954180.0,66107321.68881076,65540636.50455757,65601893.180081874
66600601.0,64700046.75103193,66604850.0,66797393.11762613,65461968.050619155,65538985.297669604
66808901.0,65886568.53831205,66874844.0,66862643.74532142,66281879.122987226,66276998.621115796
66925839.0,66278288.86901288,66975050.0,67030842.910910234,66556993.32140773,66579310.48577182
67539544.0,67107366.762667194,67467780.0,67581463.2005581,67251530.05760032,67297005.33782355
67892211.0,66719636.63861238,68029496.0,68038321.60627906,67243579.98316742,67247110.62567905
68172197.0,67297080.87842384,68105960.0,67979882.06930214,67620632.52705431,67570201.35477516
68777009.0,66971176.050949216,68741930.0,68818402.3934009,67679477.63056952,67710066.58792987
69168952.0,69126531.65089145,69582616.0,69331025.13708818,69308964.99053487,69208329.04537015
69865890.0,69510526.69052109,69918410.0,70146230.6840773,69673680.01431265,69764808.28794357
70503092.0,70867888.3428848,70672990.0,70285454.91387546,70789931.00573087,70634914.97128105
71143939.0,70692584.67911723,71032330.0,71069872.55056524,70828482.80747034,70843499.82769644
71268292.0,70901608.95593272,71280696.0,71345484.43282227,71053243.37355962,71079159.14668855
71509710.0,70523174.40515077,71637800.0,71717363.16225164,70969024.64309046,71000849.90799111
71980288.0,72198938.49419945,72286744.0,71872906.44800815,72234061.09651968,72068525.67572293
72513273.0,71844615.98243695,72372420.0,72499819.2929371,72055735.58946216,72106697.30663702
72572116.0,74301855.60814977,72588360.0,72509398.40286219,73616457.36488986,73584872.72603473
72908552.0,74365450.62721111,72858560.0,72826904.75466265,73762694.37632667,73750032.27819173
73350763.0,74673374.94950059,73391910.0,73643404.04980485,74160790.96970035,74261386.58962229
73855110.0,75005578.33118328,73837010.0,73900097.06974114,74538150.99870998,74563385.82660642
74020430.0,75657334.98211959,74016504.0,73981879.87643541,75001002.98927176,74987152.93984592
74383168.0,75243796.37615204,74443520.0,74494314.44091618,74923685.82569122,74944003.6020577
75143400.0,76419240.32455909,75259420.0,74948716.9271069,75955314.19473545,75831030.96557821
75252309.0,76121120.760397,75280380.0,75115764.39283206,75784826.45623821,75718978.21337102
76137447.0,76890364.32299516,76036110.0,76092237.44673637,76548664.59379709,76571113.57249165
76453426.0,77095650.69271576,76323080.0,75861172.30103923,76786622.41562945,76601859.33604515
76823481.0,80402944.86982831,76718460.0,76431591.69769496,78929152.921897,78814403.60097498
77129392.0,80676803.3426353,77323864.0,77138369.06732592,79335628.00558117,79261429.63251156
77599373.0,81229827.47087723,77955300.0,77722186.17770806,79920014.48252633,79826770.95360956
78112362.0,81524647.70358929,78153460.0,78105711.19931632,80176170.62215358,80157073.1018801
78906598.0,81388563.74310689,79080280.0,78827069.29952091,80465250.24586412,80363965.9656725
79081689.0,81740789.90878803,79023590.0,79148541.89089414,80653911.9452728,80703890.70163047
80118987.0,83267733.5709911,80171330.0,80468837.29629397,82029172.14259467,82148175.06111225
80943567.0,83856909.15855227,80960860.0,81158869.59641051,82698491.49513137,82777693.33369558
81287194.0,85253230.47556284,81145460.0,81324700.01139835,83610120.2853377,83681818.28989704
82782134.0,84965143.95044693,82849660.0,82995474.81182021,84118952.37026817,84177276.29499625
83074177.0,85687073.88891977,83345440.0,82355473.98066363,84750420.33335185,84354433.9256173
83619721.0,86139692.78288397,83590610.0,83540906.7495574,85120059.66973038,85100178.36955334
85140645.0,88968840.97793132,85334450.0,84724958.84280145,87515084.58675879,87271288.12387937
85248771.0,88596423.4892329,85113704.0,85166811.67765827,87203338.09353974,87224578.76460305
85640028.0,91551622.82074699,85581550.0,85496571.12557952,89163593.6924482,89129602.14268
85713705.0,91518164.91516766,86228430.0,85848494.56480989,89402270.94910058,89250296.77502455
87448718.0,91212562.07034856,87199620.0,87679392.55456196,89607385.24220914,89799294.26403391
87955519.0,91216071.48392868,87995410.0,86786662.98609097,89927806.8903572,89444308.0847936
89271224.0,94897343.91139543,89214390.0,89149318.3143481,92624162.34683725,92598133.6725765
89518608.0,94828375.91604975,89555880.0,89283790.63485777,92719377.54962984,92610541.80357295
90840606.0,96940217.1177851,90803576.0,90846072.58227213,94485562.27067105,94502559.3035799
92927615.0,96721580.56274988,93213650.0,92985421.23546128,95318408.33764993,95227116.83183444
93834909.0,99862662.43372175,93780744.0,93995438.84127398,97429897.46023305,97515772.99674264
94520024.0,99249464.17471737,94529976.0,94198365.12425604,97361670.50483042,97229024.55453284
95552533.0,100037956.51561522,95660504.0,95295049.23554096,98286977.90936914,98140793.60358551
95954558.0,100287500.03612578,95938060.0,95940797.36758459,98547728.02167547,98548818.9687093
96675502.0,100282483.18747272,96704160.0,96451282.6634902,98851153.91248363,98750002.9778797
96934843.0,100807120.78586224,96792920.0,96440270.38286534,99201440.47151734,99060380.62466347
98443123.0,102943878.440751,98007510.0,98068762.50451711,100969331.06445059,100993832.06625745
99043262.0,102651465.40893343,99197410.0,99713149.91179462,101269843.24536005,101476139.21007791
99715270.0,109668858.38681807,99461890.0,99731098.8142164,105586071.03209084,105693754.5577774
100549436.0,109902287.47261578,100668870.0,100689251.26098087,106208920.48356947,106217072.98796183
103193259.0,109574754.19810218,103534920.0,102906795.24744293,107158820.5188613,106907570.61783847
104413974.0,109870501.38565427,104119520.0,104525060.7944343,107570108.83139256,107732325.14916629
105312811.0,116603775.44875057,105455410.0,105732273.47175366,112144429.26925033,112255174.6579518
108414091.0,116964416.64514767,109103624.0,109572173.67773823,113820101.98708859,114007519.45818388
110634482.0,117920849.28988808,110172840.0,110767711.10687216,114821645.57393284,115059594.0166817
111378357.0,118473002.41778232,111139064.0,110914018.38749088,115539429.4506694,115449408.80566575
112808564.0,123112954.0636358,113209230.0,113243611.93909322,119151464.43818147,119165217.21381876
114040238.0,123377449.19192523,113546150.0,114279014.08299859,119444929.51515514,119738075.14835458
116772158.0,128783658.5847949,116838536.0,116958318.11178829,124005611.15087694,124053522.39559226
121178448.0,128507982.63935342,119543140.0,120900362.66965044,124922045.58361205,125464934.65147224
121974931.0,129269024.45330518,121877660.0,121822234.25153913,126312482.67198311,126290308.37259877
124498012.0,128696870.02005188,125238560.0,125262837.79258429,127313546.01203112,127323257.12906484
127077813.0,128421453.32788509,126383190.0,126513726.94713975,127606147.99673106,127658362.77558696
127446997.0,129780276.14963272,127583530.0,127176257.25482301,128901577.68977962,128738668.59170884
128885591.0,136055440.5491302,128952830.0,127780112.33123638,133214396.32947811,132745309.26197267
129630212.0,136503082.8790257,129264840.0,130214721.61944868,133607785.72741541,133987738.37519488
135091771.0,141308468.9688326,135018510.0,134238277.6622316,138792485.38129956,138480392.4461922
138637995.0,141457810.98466042,138525740.0,139078985.5956977,140284986.59079623,140506280.82907534
140988502.0,146796390.07914275,140614660.0,140971955.54929844,144323698.04748565,144466616.26720503
143842157.0,147116029.49393132,143815040.0,144068412.76379186,145795633.6963588,145896982.80187553
147807495.0,166276834.0306724,148512720.0,147833365.60716698,159171188.41840345,158899446.66127023
151920617.0,167352155.89569032,152064180.0,153174504.3412861,161236965.5374142,161681095.27392864
158481114.0,175188181.8158235,158460180.0,158618085.74781206,168496981.0894941,168560143.38861892
160359013.0,175749363.24913514,160761650.0,161302344.82382983,169754277.94948107,169970555.879013
165523145.0,185768368.40778565,165534190.0,164827047.49989808,177674697.0446714,177391840.04463062
168261539.0,186239422.01223552,167884930.0,168814743.71145657,178897629.2073413,179269550.69192395
186317370.0,193550049.223088,184909580.0,187390781.71244353,190093861.53385282,191086342.21883023
195274234.0,193278324.2365216,195311630.0,195612971.14498273,194091650.54191297,194212182.99990606
200866844.0,194706976.69346,201989810.0,205416258.49311066,197620114.01607597,198990689.41332024
207511532.0,194194235.0101912,207267120.0,208212799.27691558,199423389.00611472,199801660.71688098
210536489.0,203977509.5950886,211664530.0,215181021.27624667,207052321.75705314,208458914.26755184
245677090.0,204104547.41986972,240857260.0,235465688.94085813,218805632.45192182,216649004.02826506
